{
    "textures": {
        "particle": "tu:blocks/pizza_side",
        "bottom": "tu:blocks/pizza_bottom",
        "top": "tu:blocks/pizza_top",
        "side": "tu:blocks/pizza_side"
    },
    "elements": [
        {   "from": [ 1, 0, 1 ],
            "to": [ 15, 8, 15 ],
            "faces": {
                "down":  { "texture": "#bottom", "cullface": "down" },
                "up":    { "texture": "#top" },
                "north": { "texture": "#side" },
                "south": { "texture": "#side" },
                "west":  { "texture": "#side" },
                "east":  { "texture": "#side" }
            }
        }
    ]
}
